colorectal,colorectal_ordinal
55.5555555556,0
103.329506315,1
133.592080099,2
140.252454418,3
153.435867461,4
163.502109705,5
173.376998652,6
177.859376345,7
184.467810367,8
188.702981507,9
198.953127591,10
206.547557575,11
212.33032532,12
214.198286414,13
216.429395922,14
218.062127134,15
220.701831825,16
221.535431994,17
226.88598979,18
241.311123772,19
258.334958081,20
258.915706052,21
276.601557164,22
292.797189147,23
303.907380608,24
323.512420566,25
457.776171546,26
