prostate_c,prostate_c_ordinal
145.973429556,0
185.185185185,1
187.003272557,2
202.497468782,3
231.902390176,4
237.148102815,5
245.313875959,6
254.038067794,7
259.205924707,8
264.84219819,9
275.395163372,10
283.607487238,11
302.557095452,12
303.270042194,13
305.535160228,14
322.730629325,15
331.238901789,16
356.386052784,17
375.144286264,18
376.266280753,19
404.390525708,20
413.09511515,21
442.041427684,22
457.776171546,23
482.622247545,24
497.172938195,25
499.819884726,26
