breast_can,breast_can_ordinal
203.903701204,0
211.579465311,1
214.717938708,2
239.023776576,3
269.204519603,4
277.777777778,5
288.850375505,6
296.212264448,7
302.676797932,8
358.394602999,9
362.378910968,10
367.197062424,11
397.381954184,12
398.749246966,13
399.094836453,14
404.780789323,15
405.20984081,16
414.029535865,17
450.758093157,18
478.57377708,19
485.76375529,20
504.322766571,21
529.763051435,22
553.004658645,23
557.678405453,24
609.280561513,25
626.430550536,26
